Sample,TOC,Mg,Ti,V,Cr,Mn,Fe,Co,Ni,Cu,Zn,As,Se,Rb,Sr,Y,Zr,Nb,Mo,Ag,Cd,Sn,Sb,W,Hg,Pb,Bi,Th,U,LE,Al,Si,P,S,K,Ca,S% by weight
LCLD_5,1.47,29387.02,4014.77,251.665,84.575,523.96,33375.89,0,34.72,22.85,45,0,0,19.185,322.305,11.66,82.64,5.53,0,0,0,0,0,0,0,0,0,0,0,797842.44,15833.035,70728.71,0,4558.97,5941.025,35424.395,0.455897
LCLD_8,1.37,36385.1,3343.373333,73.72333333,37.40666667,511.2616667,33616.54333,0,44.53,15.84666667,48.65166667,0,0,21.87833333,339.8533333,9.825,64.855,6.866666667,0,0,0,0,0,0,0,0,1.53,0,0,807738.295,14554.51833,68978.015,0,4794.981667,6079.771667,34335.22,0.479498167
LCLD_11,0.96,26963.39,3074.715,109.815,25.98166667,509.9533333,33657.16,0,47.20833333,20.115,49.34,0,0,18.30666667,313.0983333,9.065,60.30166667,5.888333333,0,0,0,0,0,0,0,0,0,0,0,819145.8183,12698.50667,60939.575,76.01,5447.87,5741.038333,32055.69667,0.544787
LCLD_14,0.93,0,3177.236667,119.53,55.21833333,477.6083333,31574.95,0,36.15333333,17.31166667,45.50333333,0,0,17.51666667,329.255,11.05833333,72.00166667,10.135,0,0,0,0,0,0,0,0,0,0,0,843028.0383,11030.205,48494.25,0,6967.685,5148.985,29530.81,0.6967685
LCLD_17,1.47,0,1599.716667,0,0,350.895,23254.27833,0,25.545,14.96333333,38.92333333,0,0,17.33833333,265.0883333,9.658333333,57.5,6.745,0,0,0,0,0,0,0,0,0,0,0,923940.9217,4958.701667,16915.66833,0,9221.118333,3540.12,15782.82,0.922111833
LCLD_20,1.06,0,697.6533333,0,0,186.19,14501.065,0,3.288333333,6.4,28.80333333,0,0,15.43333333,218.7933333,8.578333333,48.29166667,9.276666667,0,0,0,0,0,0,0,1.065,0,0,0,942031.1983,3974.638333,13751.42,0,9575.723333,2760.605,8347.35,0.957572333
LCLD_23,1.5,24370.15,1864.891667,30.015,0,323.0033333,23646.355,0,23.19333333,8.703333333,38.705,0,0,18.79833333,278.685,10.75166667,66.03833333,8.29,0,0,4.893333333,0,0,0,0,0,0,0,0,891730.6067,6168.721667,24108.7,0,9036.985,3718.03,16867.03667,0.9036985
LCLD_26,0.37,0,1733.221667,25.84166667,12.51333333,326.8116667,23634.66333,0,27.40833333,10.53166667,39.135,0,0,18.52333333,288.3483333,10.85833333,65.73166667,12.54333333,0,0,0,0,0,0,0,1.001666667,0,5.713333333,0,921083.6183,4814.41,17509.63667,0,9654.52,3284.636667,13970.83667,0.965452
LCLD_29,0.52,0,3140.22,142.1766667,24.11333333,368.4916667,26781.02833,0,30.55,5.391666667,36.41166667,0,0,20.12666667,359.6833333,12.86666667,82.68666667,11.85333333,0,0,0,0,0,0,0,0,0,0,0,905134.28,5709.963333,21901.385,0,10407.91167,3628.72,18174.96667,1.040791167
LCLD_32,0.45,23949.08,3566.998333,88.63166667,58.27833333,398.155,28306.03833,0,31.37166667,7.236666667,37.96333333,0,0,19.44833333,390.615,14.14666667,83.6,12.43333333,0,0,0,0,0,0,0,0,0,0,0,879508.6767,9557.43,33494.32667,0,9345.961667,4159.24,23361.36,0.934596167
LCLD_35,1.03,0,4409.996667,154.915,69.86833333,506.135,33417.095,0,30.25666667,13.69,45.61,0,0,23.68833333,373.3066667,12.945,85.95833333,14.615,0,0,0,0,0,0,0,0,0,0,0,864536.6483,10703.49,41476.80333,0,7787.908333,4821.023333,27939.16333,0.778790833
LCLD_38,1.53,0,2876.898333,95.50166667,0,436.135,30657.82333,0,38.01,15.955,44.14333333,0,0,20.61666667,306.8016667,9.943333333,61.475,8.431666667,0,0,0,0,0,0,0,0,0,0,0,866904.505,9515.708333,42034.99333,0,7011.456667,5033.036667,27128.90167,0.701145667
LCLD_41,0.91,0,2566.445,119.87,28.50666667,429.015,28935.41,0,28.07,15.57833333,44.605,0,0,19.12,292.0166667,9.283333333,62.785,10.06833333,0,0,0,0,0,0,0,0,0,0,0,882954.795,7461.945,32548.18,0,7830.326667,4504.446667,23763.305,0.783032667
LCLD_44,1.54,19446.4,2681.816667,0,0,414.6883333,27940.125,0,31.91333333,12.94,41.20333333,0,0,17.19333333,314.3016667,11.16,62.195,12.59666667,0,0,0,0,0,0,0,0,0,3.371666667,0,884417.28,7314.968333,32313.50667,0,7663.843333,4265.406667,24543.89833,0.766384333
LCLD_47,2.37,0,2021.293333,0,0,387.9133333,27682.58,0,29.48,21.83333333,45.30833333,0,0,17.56166667,239.365,9.135,51.42666667,12.015,0,5.695,0,0,0,0,0,0,0,0,0,897849.9767,6665.758333,32544.92,0,6049.895,4233.911667,22131.93167,0.6049895
LCLD_50,2.3,18941.24,2117.581667,37.725,14.36,461.27,30819.17,0,33.04,27.53,49.87333333,0,0,16.18333333,217.2266667,7.79,50.62333333,9.295,0,0,0,0,0,0,0,1.145,0,0,0,859423.1367,9006.708333,47796.705,0,5032.263333,5038.586667,25241.31833,0.503226333
LCLD_53,2.17,19107.56,2146.37,108.88,0,484.9383333,31687.18833,0,39.60666667,27.62666667,49.95333333,0,0,16.55,208.1216667,6.433333333,49.92166667,4.015,0,0,0,0,0,0,0,1.165,0,0,0,860953.0367,9720.543333,46187.635,0,5444.103333,5077.545,24126.47833,0.544410333
LCLD_56,2.24,18106.52,2501.196667,26.81,0,484.4683333,33465.51167,0,37.18333333,29.35833333,55.84666667,0.811666667,0,16.56666667,218.8233333,6.92,51.50166667,8.59,0,0,0,0,0,0,0,1.125,0,0,0,848353.585,10675.34833,50707.19667,0,5561.133333,5303.435,25726.04833,0.556113333
LCLD_59,1.89,27617.92,2547.31,28.09666667,10.47666667,522.6866667,33997.095,0,40.44833333,27.11333333,51.01666667,0,0,15.37666667,224.1666667,7.366666667,51.94666667,3.553333333,0,0,0,0,0,0,0,1.061666667,1.383333333,0,0,835233.845,12292.275,58345.51333,0,5420.473333,5527.226667,26488.58,0.542047333
LCLD_62,1.69,29553.8,2983.49,56.7,0,555.8133333,36488.84167,0,48.68333333,31.63166667,54.28333333,0,0,14.645,238.3566667,7.463333333,52.315,3.355,0,0,0,0,0,0,0,0,0,0,0,792394.1283,16553.14167,78671.555,0,5604.316667,6233.036667,31601.305,0.560431667
SL_2,10.4,24640.36,51.18,0,0,167.976,4255.992,0,0,6.05,12.38,0,0,5.072,53.022,3.564,11.888,6.484,15.756,8.726,0,0,0,0,0,0,0,15.546,0,899944.958,0,6983.834,0,54659.652,1647.438,4443.694,5.4659652
SL_5,9.64,39265.96,303.04,0,0,302.9816667,7421.106667,0,0,1.873333333,21.49333333,0,0,7.03,93.39333333,4.811666667,19.98166667,1.113333333,17.375,8.425,4.346666667,0,0,0,0,0,0,4.615,1.263333333,875770.7433,0,9974.433333,0,61738.425,2159.68,7179.688333,6.1738425
SL_8,9.28,49660.56,314.2533333,0,0,309.6233333,7305.17,0,0,3.58,21.47166667,0,0,6.258333333,88.44333333,2.733333333,16.64833333,0,7.021666667,0,7.876666667,0,0,0,0,0,0,0,1.023333333,855465.1167,1588.853333,7844.966667,0,72522.255,2284.56,6206.856667,7.2522255
SL_11,9.74,48838.16,459.8416667,0,0,312.4083333,8130.818333,0,0,3.595,21.18,0,0,7.51,100.365,2.745,19.365,0,7.685,3.366666667,0,0,0,0,0,0,0,0,0,850236.3883,1364.82,9860.015,0,71177.87833,2405.103333,7731.283333,7.117787833
SL_14,8.12,53471.8,338.325,0,0,285.7883333,7455.148333,0,0,3.525,22.68,0,0,7.6,90.00166667,1.363333333,18.905,0,6.786666667,3.311666667,8.795,0,0,0,0,0,0,0,0,852777.9833,1484.75,6831.833333,0,73623.62,2129.393333,5494.091667,7.362362
SL_17,10.48,57255.78,202.7133333,0,0,271.0633333,6533.586667,0,0,2.155,20.46166667,0,0,7.398333333,78.87666667,2.723333333,19.25666667,0,8.406666667,3.538333333,3.861666667,0,0,0,0,0,0,0,0,854492.7933,0,5796.811667,0,74280.49167,2119.803333,5941.468333,7.428049167
SL_23,9.36,58974.64,308.3166667,0,0,315.7383333,6969.165,0,0,9.398333333,21.53166667,0,0,6.156666667,128.7283333,1.811666667,16.60833333,0,11.37333333,0,9.386666667,0,0,0,0,0,1.325,0,0,847885.0483,1409.03,9892.978333,0,71730.935,2471.686667,7880.251667,7.1730935
SL_25,9.77,50254.99,494.3266667,0,0,284.9566667,9479.393333,0,0,8.096666667,28.00333333,0,0,9.341666667,113.875,5.013333333,26.64333333,0,10.02,7.631666667,0,0,0,0,0,0,0,0,2.06,839574.0317,2378.893333,11313.54667,0,72569.72333,2488.941667,6663.981667,7.256972333
SL_26,7.93,52989.84,622.6183333,0,0,263.7816667,11468.275,0,0,8.938333333,33.885,0,0,11.045,110.6983333,5.273333333,29.51666667,0,13.51833333,0,0,0,0,0,0,0,0,0,1.128333333,840762.915,1673.216667,10000.64,0,74645.245,2594.563333,6208.226667,7.4645245
SL_29,7.38,39222.9,573.2333333,21.68,0,235.2733333,11214.96333,0,0,11.41666667,33.45666667,0,0,11.315,116.85,5.685,29.57833333,0,9.47,0,4.1,0,0,0,0,0,0,0,1.478333333,835142.7983,1642.136667,8693.426667,0,78277.06,2637.558333,5638.74,7.827706
SL_32,5.98,55211.12,704.045,0,0,227.5883333,11938.09667,0,0,11,33.38833333,0,0.42,11.56,114.4233333,5.625,29.115,0,8.91,3.606666667,3.875,0,0,0,0,0,0,0,0,833971.6767,1999.165,10869.705,0,78100.19667,2809.951667,6054.68,7.810019667
SL_35,6.61,52327.88,101.7833333,0,0,109.075,6264.27,0,0,4.078333333,24.74833333,0,0,10.15,106.265,5.311666667,29.79666667,0.93,0.83,0,4.001666667,0,0,0,0,0,0,0,0,842121.0117,0,3198.126667,0,89706.33333,2112.396667,1926.671667,8.970633333
SL_38,5.73,55113.22,236.2,0,0,153.7883333,8916.325,0,0,7.226666667,27.67,0,0,11.34,118.9083333,5.131666667,30.57833333,0,0,0,4.118333333,0,0,0,0,1.566666667,0,0,0,840606.4633,0,2985.721667,0,88664.01167,2179.838333,2725.853333,8.866401167
SL_42,5.73,50001.4,690.98,0,0,231.96,11818.42833,0,3.425,12.29,36.245,0,0,12.39333333,145.5483333,6.05,33.89833333,0,0,0,0,0,0,0,0,0,0,0,0,837904.2483,298.64,4885.908333,0,84327.595,2751.241667,5877.565,8.4327595
SL_44,4.8,55326.99,449.07,0,0,177.58,9724.12,0,0,8.081666667,30.17,0,0,11.305,144.5166667,6.111666667,31.29,0.976666667,0,0,3.993333333,0,0,0,0,0.98,0,0,0,835716.695,370.9533333,4979.905,0,86611.13667,2705.023333,5686.396667,8.661113667
SL_47,4.54,55979.25,596.39875,0,0,232.74375,11870.415,0,1.69,13.42375,36.49875,0,0.29875,12.63,137.83,5.81,34.38125,0,0,0,0,0,0,0,0,0.7525,0,0,0,832358.4438,1269.33625,7070.29625,0,82888.815,2933.985,7526.9325,8.2888815
SL_50,4.63,54808.53,560.7383333,0,0,232.3733333,12195.08833,0,0,12.835,41.725,0,0,13.56333333,112.4683333,6.821666667,36.25,0,0,0,3.858333333,0,0,0,0,0,1.221666667,0,0,843400.6917,344.3083333,5711.135,0,81483.51167,2705.881667,6247.963333,8.148351167
SL_53,4.18,48039.21,554.925,0,0,250.5416667,12572.78167,0,6.68,8.52,40.00833333,0,0.368333333,14.18,116.4433333,7.408333333,37.05,0,2.433333333,0,0,0,0,0,0,0.856666667,0,0,0,833504.925,715.2066667,8781.795,0,80133.68,2957.476667,7055.351667,8.013368
SL_56,4.38,48792.38,1020.971667,28.45666667,12.24,327.1333333,15520.11333,0,0,20.34833333,45.85333333,0.685,0,14.055,121.525,7.808333333,38.53166667,2.408333333,8.051666667,0,0,0,0,0,0,0.78,0,0,0,825529.7117,4560.813333,21259.51333,0,67105.91167,3796.37,13008.10167,6.710591167
SL_59,5.01,50368.6,1013.255,49.855,0,335.4616667,16280.80833,0,0,22.76166667,46.52666667,0.923333333,0,16.39333333,119.0433333,8.495,42.33166667,4.245,12.525,0,0,0,0,0,0,0,0,2.186666667,4.026666667,835289.6383,2886.151667,13796.86333,0,71342.005,3809.321667,11441.12333,7.1342005
SL_62,3.81,43150.44,1904.948333,120.185,0,462.59,22982.04,0,25.48166667,31.955,67.62333333,1.866666667,0,19.65166667,138.0266667,10.22666667,50.51333333,2.08,7.391666667,0,0,0,0,0,0,1.91,0,0,0,801296.6,7360.096667,34517.21333,0,59716.89,5396.343333,18298.20833,5.971689
SL_65,3.67,51288.29,2202.311667,132.1216667,9.811666667,494.4933333,25589.94333,0,28.86333333,36.16833333,69.91333333,3.748333333,0,20.28666667,142.6766667,10.37166667,53.555,3.651666667,1.855,0,0,0,0,0,0,1.211666667,0,0,0,777241.46,10621.235,47462.47333,0,54360.83167,6094.73,20796.94833,5.436083167
SL_68,3.02,55174.93,2394.033333,136.8166667,16.03,499.1166667,27813.84667,0,27.475,35.92833333,77.18,6.43,0,22.98333333,140.2533333,11.84666667,57.565,5.235,1.856666667,0,0,0,0,0,0,0.976666667,0,0,0,780910.0783,12541.72667,54846.425,0,51381.55167,6538.66,19014.73833,5.138155167
SL_74,1.99,47689.28,2861.716667,256.9083333,24.31666667,531.4533333,31683.635,0,33.325,44.53333333,86.635,6.453333333,0,24.43833333,140.6866667,12.42333333,62.78833333,6.155,0,0,0,0,0,0,0,1.301666667,0,0,0,756944.8067,17580.75,76430.12333,0,42604.81333,7772.695,21261.72667,4.260481333
SL_77,0.78,37556.42,3243.416667,289.135,26.26666667,524.655,35442.72333,0,40.29833333,47.60166667,92.69333333,5.815,0,27.33,143.9066667,14.66333333,71.765,7.626666667,0,0,0,0,0,0,0,2.583333333,1.278333333,0,0,738675.23,22506.12,94497.92,0,37120.78,8711.053333,21844.20333,3.712078
SL_80,0.75,32590.07,3469.126667,284.8433333,22.51,527.09,37127.18667,0,42.53333333,48.87,97.29833333,6.981666667,0,28.49666667,151.5083333,15.07833333,73.385,8.21,0,0,0,0,0,0,0,2.563333333,0,0,0,735245.1033,23151.97167,95820.33667,0,37824.09333,9044.626667,24399.93667,3.782409333
SL_83,0.71,31652.19,3387.335,261.4475,17.42,503.5025,37336.5575,0,42.1175,54.0725,97,7.5125,0,26.6425,148.8575,15.2175,72.3625,11.09,0,0,0,0,0,0,0,1.93,0,0,0,753323.0475,20678.5325,86954.2025,0,37286.5975,8592.5925,24385.345,3.72865975
BL2/3_4,16.97,,83.9675,0,0,103.5825,2843.4525,0,0,3.185,6.97,0,0,0,1151.3125,0.875,28.335,0,0,0,0,0,0,0,0,0,0,8.9975,3.7025,818691.07,0,7675.27,0,85758.0675,832.515,36903.1075,8.57580675
BL2/3_7,17.6,61803.34,0,0,0,117.955,3400.246667,0,0,2.16,12.725,0,0,0.566666667,1227.236667,0,27.84333333,0,0,0,0,0,0,0,0,0,0,11.435,4.401666667,791076.8083,0,8476.973333,0,92096.96167,770.7883333,40980.94,9.209696167
BL2/3_10,9.87,57353.34,0,0,0,144.1066667,3627.991667,0,0,1.978333333,15.03666667,0,0,0,1269.713333,0.951666667,30.01166667,0,0,0,0,0,0,0,0,0,0,9.641666667,13.93166667,812749.8817,0,7747.478333,0,90461.105,955.4766667,23592.91,9.0461105
BL2/3_13,20.36,,0,0,0,153.8,3378.991667,0,0,0,14.49166667,0,0,0.586666667,1489.498333,0,32.62166667,0,0,0,0,0,0,0,0,0,0,2.7,18.69666667,813433.9783,0,7079.995,0,88521.32833,1044.558333,21476.12333,8.852132833
BL2/3_16,16.92,,0,0,0,159.865,3015.733333,0,0,6.706666667,14.56,0,0,0.536666667,1544.768333,0,29.64833333,0,0,0,0,0,0,0,0,0,0,2.853333333,19.96666667,815398.4217,0,7650.418333,0,82305.01667,886.8233333,22881.39667,8.230501667
BL3_5,7.87,,,,,,,,,,,,,,,,,,,,,,,,,,,,,,,,,,,,0
BL3_8,10.59,73712.81,198.0783333,0,0,202.2483333,4988.501667,0,0,7.41,20.05833333,0,0,0.628333333,1673.475,0.566666667,32.80166667,0,8.511666667,0,0,0,0,0,0,0,0,0,24.955,803252.615,3212.885,23706.72333,0,39603.47167,1341.286667,46546.40833,3.960347167
BL3_11,15.78,72749.09,172.3683333,0,0,226.2,4707.066667,0,0,5.88,16.96333333,0,0,0.58,1602.295,0.591666667,32.57333333,0,4.473333333,0,0,0,0,0,0,0,0,6.225,26.35333333,810675.4383,1799.773333,23283.54833,0,38803.81167,1360.493333,40633.37167,3.880381167
BL3_14,12.51,79005.42,153.0033333,0,0,205.2833333,4404.491667,0,0,4.201666667,18.06333333,0,0,0.721666667,1462.63,0.706666667,30.17833333,0,4.576666667,0,0,0,0,0,0,0,0,0,20.57666667,809922.5333,1952.918333,22511.13833,0,44760.67833,1499.616667,41937.68333,4.476067833
BL3_17,11.48,63853.39,52.52,0,0,204.72,3834.431667,0,0,1.931666667,15.76333333,0,0,0.51,1382.703333,0,25.90666667,0,4.211666667,4.5,0,0,0,0,0,0,0,0,21.73,816527.35,763.415,18371.33333,0,50532.60667,1555.691667,36919.30167,5.053260667
BL3_20,10.04,64257.34,0,0,0,201.8133333,4040.206667,0,0,3.936666667,16.33166667,0.61,0,0,1466.303333,0.545,27.89,0,0,0,0,0,0,0,0,0,0,0,25.47666667,825534.35,1316.683333,14626.195,0,54068.98,1859.41,25241.35167,5.406898
BL3_23,6.7,79027,62.78833333,0,0,192.325,3684.305,0,0,2.136666667,12.67833333,0.775,0,0,1583.386667,0,25.98166667,0,0,0,0,0,0,0,0,0,0,3.745,17.55,790403.495,392.75,14730.655,0,68979.72167,2140.496667,41339.255,6.897972167
BL3_26,11.43,73064.88,0,0,0,181.2866667,3489.205,0,0,0,12.705,0,0,0,1603.843333,0,27.51833333,0,0,0,4.42,0,0,0,0,0,0,0,20.69833333,811003.395,0,12315.63833,0,67343.16333,2149.421667,31604.78667,6.734316333
BL3_29,10.68,64366.47,47.66,0,0,170.0633333,3497.7,0,0,0,14.75,0,0,1.091666667,1525.336667,0,30.29166667,0,0,0,4.803333333,0,0,0,0,0,0,2.415,19.79166667,825166.7833,0,10542.4,0,68323.27,2177.74,26828.96167,6.832327
BL3_32,10.37,55101.38,43.20666667,0,0,202.4566667,3774.558333,0,0,0,15.345,0,0,0.575,1528.995,0,28.235,0,0,0,0,0,0,0,0,0,0,2.773333333,23.99166667,829564.9,419.235,12550.55833,0,60247.095,2082.543333,23773.61,6.0247095
BL3_35,14.78,73614.78,87.665,0,0,216.0183333,4476,0,0,1.986666667,16.92833333,0,0,1.285,1587.21,0,31.94833333,0,0,0,0,0,0,0,0,0,0,2.613333333,21.63666667,801718.63,2211.888333,18040.32333,0,56912.65,2026.67,35039.35333,5.691265
BL3_38,13.32,84499.72,42.29666667,0,0,225.3916667,4797.25,0,0,6.408333333,19.75166667,0,0,2.575,1429.583333,0.568333333,31.56166667,0,1.058333333,0,0,0,0,0,0,0,0,3.166666667,18.885,802150.0333,2681.851667,20392.415,0,54796.62333,2210.663333,32303.36667,5.479662333
BL3_41,9.79,71197.64,148.0733333,0,0,240.9333333,5421.803333,0,0,4.393333333,20.61666667,0,0,2.203333333,1384.286667,1.128333333,30.485,0,0,0,0,0,0,0,0,0,0,3.111666667,21.86666667,804946.2733,3404.46,22880.52833,0,53921.91167,2468.185,32121.48667,5.392191167
BL3_44,12.139,73274.81,263.6983333,0,0,231.61,5237.053333,0,0,3.741666667,17.875,0,0,4.731666667,1228.793333,1.108333333,31.75666667,0,0.791666667,0,0,0,0,0,0,0,0,0,18.87,813081.005,2836.785,21652.50833,0,56780.595,2743.686667,29414.28333,5.6780595
BL3_47,11.02,70971.98,131.6033333,0,0,222.7816667,5363.855,0,0,0,20.09166667,0,0.386666667,4.771666667,1184.181667,0.496666667,30.80166667,0,0,0,4.851666667,0,0,0,0,0,0,2.75,12.755,822727.4317,1468.998333,17608.72,0,58456.81,2512.2,30404.47167,5.845681
BL3_50,3.17,70976.41,0,0,0,203.11,3093.981667,0,0,0,11.41,0.646666667,0,0.551666667,1552.61,0,27.63166667,0,3.815,0,4.55,0,0,0,0,0,0,8.228333333,20.36666667,804212.6133,671.9166667,12870.99,0,55579.97833,1292.22,46179.085,5.557997833
LCLA _2.5,0.35,,0,0,0,0,2595.74,0,0,0,0,0,0,10.54,20.17,1.63,7.73,0,0,28.13,25.06,0,0,0,0,0,0,0,0,949320.64,5422.39,18653.67,0,6236.1,1711,4762.33,0.62361
LCLA _5.5,0.38,0,2620.06,95.64,32.48,289.7433333,21668.67833,0,19.75166667,6.181666667,26.42166667,0,0,17.24666667,297.06,11.11833333,105.855,8.55,0,4.008333333,4.571666667,0,0,0,0,0,0,1.483333333,0,897048.5983,8028.31,29017.43,0,9935.176667,3953.011667,18694.195,0.993517667
LCLA _8.5,0.47,18693.72,4155.066667,223.4283333,89.21166667,486.6683333,33545.375,0,40.57833333,12.395,45.445,0,0,18.09333333,384.8166667,12.84,77.42,13.51166667,0,0,0,0,0,0,0,0.961666667,0,0,0,832931.3533,10981.14167,50484.18,0,7749.551667,5550.606667,33809.6,0.774955167
LCLA _11.5,0.68,16034.06,3373.445,128.3516667,50.555,412.9633333,29349.505,0,37.63666667,13.31,41.88166667,0,0,18.11166667,366.1233333,10.89166667,73.81,10.20833333,0,0,0,0,0,0,0,0,0,0,0,878387.29,8432.091667,32980.765,0,9549.346667,4549.625,23921.96833,0.954934667
LCLA _14.5,0.7,0,3572.315,185.7916667,56.225,435.29,29929.28333,0,35.305,9.605,42.305,0,0,19.56,392.3,12.07833333,74.72666667,11.045,0,0,0,0,0,0,0,2.941666667,0,0,0,879499.6067,7922.156667,29741.23667,0,9217.763333,4423.055,24058.09667,0.921776333
LCLA _17.5,0.75,23361.73,3296.523333,143.2616667,76.65,423.0183333,29774.71167,0,36.49333333,16.07833333,43.78,0,0,20.14166667,396.1783333,12.11,77.595,11.11,0,0,0,0,0,0,0,0,0,0,0,874268.26,7236.808333,27759.46333,0,10189.20833,4545.775,22696.91,1.018920833
LCLA _20.5,0.32,0,3388.315,134.7166667,62.98,428.5583333,31010.55167,0,36.46166667,14.55666667,43.84,0.603333333,0,19.39833333,376.7383333,12.54833333,80.63,12.1,0,0,0,0,0,0,0,0.946666667,0,2.143333333,0,892264.375,6549.208333,27265.37333,0,7358.388333,5001.803333,23167.04,0.735838833
LCLA _24.5,0.37,15473.5,3381.613333,109.535,21.67833333,479.7183333,35542.77167,0,46.015,12.72666667,49.59166667,0,0,19.52333333,318.4416667,12.745,86.395,16.98833333,0,0,0,0,0,0,0,0,0,3.668333333,0,872488.4383,8327.341667,36992.42,0,7195.84,5782.886667,21740.435,0.719584
LCLA _27.5,0.45,0,3873.431667,166.5783333,63.42,507.58,37206.26667,0,49.20166667,14.765,53.405,0,0,18.62333333,353.5766667,12.56166667,87.525,13.48,0,0,0,0,0,0,0,0,0,0,0,868329.0333,9042.61,38681.97333,0,7408.53,6163.543333,22155.06833,0.740853
LCLB _6,1.43,,,,,,,,,,,,,,,,,,,,,,,,,,,,,,,,,,,,0
LCLB _11,2.29,0,1870.42,23.715,9.411666667,412.9966667,27831.06333,0,33.26666667,21.55666667,47.58166667,0,0,16.315,205.8833333,6.58,45.745,2.113333333,0,0,0,0,0,0,0,0,0,0,0,879383.585,7959.326667,35184.82833,0,5988.516667,4649.025,21314.13167,0.598851667
LCLB _14,1.85,22618.12,1824.315,70.67666667,0,440.38,29669.06167,0,36.905,18.84166667,49.62833333,0,0,17.38833333,220.63,6.808333333,49.34166667,4.513333333,0,0,0,0,0,0,0,0,0,0,0,883891.4367,6661.64,32030.895,0,6498.645,4888.395,22334.35167,0.6498645
LCLB _17,1.77,21645.88,1067.893333,0,0,295.9233333,21320.71,0,23.495,13.08666667,35.09833333,0,0,15.65166667,192.0516667,6.61,45.36666667,6.055,0,0,0,0,0,0,0,0,0,0,0,922158.69,4857.178333,18374.74167,0,7455.68,3450.708333,12678.07667,0.745568
LCLB _20,1.83,0,1594.648333,0,0,374.78,25783.425,0,29.735,22.15666667,44.32333333,0,0,16.77,203.0666667,7.031666667,46.18333333,5.043333333,0,0,0,0,0,0,0,0,0,0,0,900063.1867,6615.608333,29028.82667,0,6376.766667,4144.936667,17631.33333,0.637676667
LCLB _23,1.51,0,1104.601667,1.13,0.35,258.6066667,20034.715,0.978333333,25.39,15.58,34.515,0.99,1.02,13.61333333,153.49,8.141666667,39.375,9.371666667,1.018333333,5.211666667,1.025,1.058333333,0,0,0,0,0,4.882,0,916870.044,5557.674,23468.456,0,6207.504,3676.08,14131.512,0.6207504
LCLB _30,1.38,28119.88,2196.666667,29.77,12.965,389.6966667,27569.53833,2.161666667,39.55,23.38666667,42.57833333,2.285,2.33,14.27833333,197.5116667,10.16,44.6,11.45666667,3.44,2.42,2.45,2.43,0,0,0,0,0,5.89,0,822171.465,13012.4825,61946.43,0,3506.015,5590.4175,32922.5525,0.3506015
LCLB _33,0.46,,1912.685,101.535,34.77666667,274.9316667,17721.84167,4.363333333,27.07666667,15.945,27.87666667,4.27,4.203333333,10.535,129.12,9.615,35.88333333,11.83,4.141666667,4.185,4.1,4.165,0,0,0,0,0,0,0,798565.15,14821.16,69585.55,0,4073.59,5199.66,36754.505,0.407359
LCLB _36,0.39,32847.07,3499.266667,141.885,33.56,344.4883333,26348.035,4.343333333,38.85166667,15.61833333,35.71166667,4.251666667,4.233333333,12.82333333,205.8366667,11.82166667,67.22,14.605,4.125,4.086666667,4.051666667,4.031666667,0,0,0,0,0,0,0,770998.9433,17236.60333,75264.64,0,8743.783333,5328.436667,41635.13667,0.874378333
LCLB _39,0.25,0,5866.703333,178.47,106.0733333,603.2066667,44873.69667,1.656666667,63.16166667,22.00833333,60.93666667,1.61,1.618333333,16.38,341.9416667,15.75833333,90.91833333,23.905,3.17,1.57,1.603333333,1.563333333,0,0,0,0,0,0,0,774893.086,17318.82,76791.208,0,7172.392,5435.396,41493.75,0.7172392
LCLC _12,2.85,0,1629.965,0,0,382.8625,26508.02,0,34.015,14.495,45.7175,0,0,15.55,188.91,5.275,41.4375,1.5575,0,0,0,0,0,0,0,1.4025,1.8625,0,0,899882.0325,6587.6375,29922.09,0,7034.8825,4193.9075,18476.18,0.70348825
LCLC _15,2.3,0,1103.996667,0,0,288.53,22529.63,0,24.76,15.635,38.03,0,0,15.98,180.445,5.985,40.81333333,0,0,0,0,0,0,0,0,1.926666667,1.336666667,0,0,918590.7617,5188.453333,21685.59833,0,8337.043333,3558.098333,13293.93667,0.833704333
LCLC_21,2.46,26409.41,1244.651667,0,0,341.6216667,24508.25667,0,30.235,18.72,46.35166667,0,0,15.77666667,171.675,3.86,38.375,1.926666667,0,0,9.228333333,0,0,0,0,0,1.183333333,0,0,903790.3833,5461.808333,21962.06167,0,8364.065,3668.313333,14285.67,0.8364065
LCLC _24,2.55,0,1278.481667,0,0,353.5333333,24380.99333,0,32.89,20.30166667,48.275,0,0,15.61833333,175.1883333,5.175,39.20333333,0.918333333,0,0,0,0,0,0,0,0,0,0,0,907719.1,5980.613333,24458.82,0,8073.73,3745.336667,14554.71333,0.807373
LCLC _27,2.41,20482.22,1344.55,0,0,356.0383333,25040.04667,0,34.11833333,19.32333333,44.36333333,0,0,15.51333333,169.9566667,5.08,38.71666667,0.98,0,0,0,0,0,0,0,0,1.155,0,0,887476.1483,7319.638333,29848.10167,0,7570.228333,4065.518333,16969.805,0.757022833
LCLC _30,2.11,17290.59,1299.893333,0,8.323333333,331.5983333,23069.51333,0,29.67666667,15.17666667,40.20666667,0,0,15.485,187.2416667,5.876666667,41.85833333,4.106666667,0,0,0,0,0,0,0,1.228333333,1.453333333,0,0,912168.1867,4823.421667,20221.105,0,8637.851667,3423.803333,13070.67,0.863785167
18BL3_shr,,,,,,,,,,,,,,,,,,,,,,,,,,,,,,,,,,,,,
18BL44b_mat,,,,,,,,,,,,,,,,,,,,,,,,,,,,,,,,,,,,,
18LCL1_mat1,0.015526805,,,,,,,,,,,,,,,,,,,,,,,,,,,,,,,,,,,,
18LCL1_mat2,4.515409641,,,,,,,,,,,,,,,,,,,,,,,,,,,,,,,,,,,,
18SL1_pla,,,,,,,,,,,,,,,,,,,,,,,,,,,,,,,,,,,,,
18BL1_salt1,0.009818301,,,,,,,,,,,,,,,,,,,,,,,,,,,,,,,,,,,,
18BL1_salt2,0.029543651,,,,,,,,,,,,,,,,,,,,,,,,,,,,,,,,,,,,
18BL1_salt3,0.263481294,,,,,,,,,,,,,,,,,,,,,,,,,,,,,,,,,,,,
18BL2_saltA,0.491456814,,,,,,,,,,,,,,,,,,,,,,,,,,,,,,,,,,,,
18BL2_saltB,0.015493188,,,,,,,,,,,,,,,,,,,,,,,,,,,,,,,,,,,,
18BL2_saltC,0.531847622,,,,,,,,,,,,,,,,,,,,,,,,,,,,,,,,,,,,
18LCL1_salt1,0.031596705,,,,,,,,,,,,,,,,,,,,,,,,,,,,,,,,,,,,
18SL1_saltA,0.016137853,,,,,,,,,,,,,,,,,,,,,,,,,,,,,,,,,,,,
18SL1_saltB,,,,,,,,,,,,,,,,,,,,,,,,,,,,,,,,,,,,,
18SL1_saltC,,,,,,,,,,,,,,,,,,,,,,,,,,,,,,,,,,,,,
18BL37_grs,,,,,,,,,,,,,,,,,,,,,,,,,,,,,,,,,,,,,
SL Salt2,,,,,,,,,,,,,,,,,,,,,,,,,,,,,,,,,,,,,
18BL41b_lipid,,,,,,,,,,,,,,,,,,,,,,,,,,,,,,,,,,,,,
18BL44b_lipid,,,,,,,,,,,,,,,,,,,,,,,,,,,,,,,,,,,,,
18BL1_sed1,0.710482337,,,,,,,,,,,,,,,,,,,,,,,,,,,,,,,,,,,,
18BL1_sed2,3.425951767,,,,,,,,,,,,,,,,,,,,,,,,,,,,,,,,,,,,
18BL1_sed2,,,,,,,,,,,,,,,,,,,,,,,,,,,,,,,,,,,,,
18BL1_sed3,0.857097835,,,,,,,,,,,,,,,,,,,,,,,,,,,,,,,,,,,,
18BL2_sedA,2.652773697,,,,,,,,,,,,,,,,,,,,,,,,,,,,,,,,,,,,
18BL2_sedB,1.063023597,,,,,,,,,,,,,,,,,,,,,,,,,,,,,,,,,,,,
18BL2_sedB,1.845447406,,,,,,,,,,,,,,,,,,,,,,,,,,,,,,,,,,,,
18BL2_sedC,1.165462254,,,,,,,,,,,,,,,,,,,,,,,,,,,,,,,,,,,,
18BL3_sed1,1.220933095,,,,,,,,,,,,,,,,,,,,,,,,,,,,,,,,,,,,
18BL3_sed2,0.124903719,,,,,,,,,,,,,,,,,,,,,,,,,,,,,,,,,,,,
18BL3_sed3,0.666892023,,,,,,,,,,,,,,,,,,,,,,,,,,,,,,,,,,,,
18BL44b_sed,,,,,,,,,,,,,,,,,,,,,,,,,,,,,,,,,,,,,
18LCL1_sed1,0.213945724,,,,,,,,,,,,,,,,,,,,,,,,,,,,,,,,,,,,
18LCL1_sed2,1.102024946,,,,,,,,,,,,,,,,,,,,,,,,,,,,,,,,,,,,
18LCL1_sed3dup,1.245210011,,,,,,,,,,,,,,,,,,,,,,,,,,,,,,,,,,,,
18LCL1_sed3,1.155944682,,,,,,,,,,,,,,,,,,,,,,,,,,,,,,,,,,,,
18LCL1_sed4,1.125288848,,,,,,,,,,,,,,,,,,,,,,,,,,,,,,,,,,,,
18SL1_sedA,1.165027296,,,,,,,,,,,,,,,,,,,,,,,,,,,,,,,,,,,,
18SL1_sedB,2.485555482,,,,,,,,,,,,,,,,,,,,,,,,,,,,,,,,,,,,
18SL1_sedC,3.895649458,,,,,,,,,,,,,,,,,,,,,,,,,,,,,,,,,,,,
18SL1_sedC,,,,,,,,,,,,,,,,,,,,,,,,,,,,,,,,,,,,,
SL Sed1,,,,,,,,,,,,,,,,,,,,,,,,,,,,,,,,,,,,,
SL Sed3,,,,,,,,,,,,,,,,,,,,,,,,,,,,,,,,,,,,,
18BL1_WL,,,,,,,,,,,,,,,,,,,,,,,,,,,,,,,,,,,,,
18BL2_WL,,,,,,,,,,,,,,,,,,,,,,,,,,,,,,,,,,,,,
18BL3_WL,,,,,,,,,,,,,,,,,,,,,,,,,,,,,,,,,,,,,
18LCL1_WL1,,,,,,,,,,,,,,,,,,,,,,,,,,,,,,,,,,,,,
18LCL1_WL2,,,,,,,,,,,,,,,,,,,,,,,,,,,,,,,,,,,,,
18SL1_WL,,,,,,,,,,,,,,,,,,,,,,,,,,,,,,,,,,,,,
BL2-11 Streamers,,,,,,,,,,,,,,,,,,,,,,,,,,,,,,,,,,,,,
BL1-1 Mat,12.25824075,,,,,,,,,,,,,,,,,,,,,,,,,,,,,,,,,,,,
BL2-23 Mat,23.07920883,,,,,,,,,,,,,,,,,,,,,,,,,,,,,,,,,,,,
BL1-2 Mat Top,18.92093754,,,,,,,,,,,,,,,,,,,,,,,,,,,,,,,,,,,,
BL1-2 Mat Bottom,14.15758682,,,,,,,,,,,,,,,,,,,,,,,,,,,,,,,,,,,,
LCL4 Mat,2.630522959,,,,,,,,,,,,,,,,,,,,,,,,,,,,,,,,,,,,
LCL5 Mat,0.948882245,,,,,,,,,,,,,,,,,,,,,,,,,,,,,,,,,,,,
BL4 Salt,,,,,,,,,,,,,,,,,,,,,,,,,,,,,,,,,,,,,
BL1-1 Salt,42.05643302,,,,,,,,,,,,,,,,,,,,,,,,,,,,,,,,,,,,
BL2-23 Salt,,,,,,,,,,,,,,,,,,,,,,,,,,,,,,,,,,,,,
BL1-1 Salt,43.5787102,,,,,,,,,,,,,,,,,,,,,,,,,,,,,,,,,,,,
BL1-1 Salt,42.62379507,,,,,,,,,,,,,,,,,,,,,,,,,,,,,,,,,,,,
LCL4,1.388922578,,,,,,,,,,,,,,,,,,,,,,,,,,,,,,,,,,,,
LCL5,0.924093957,,,,,,,,,,,,,,,,,,,,,,,,,,,,,,,,,,,,
BL1-1 Mud,8.754762529,,,,,,,,,,,,,,,,,,,,,,,,,,,,,,,,,,,,
BL2-23 Sed,12.53465745,,,,,,,,,,,,,,,,,,,,,,,,,,,,,,,,,,,,
SLSU Sed,1.664355687,,,,,,,,,,,,,,,,,,,,,,,,,,,,,,,,,,,,
SLSL Sed,,,,,,,,,,,,,,,,,,,,,,,,,,,,,,,,,,,,,
BL4 Sed,9.676468151,,,,,,,,,,,,,,,,,,,,,,,,,,,,,,,,,,,,
BL Sed3,,,,,,,,,,,,,,,,,,,,,,,,,,,,,,,,,,,,,
BL4 Filter,0.310456614,,,,,,,,,,,,,,,,,,,,,,,,,,,,,,,,,,,,
BL2-23 Filter,0.854023457,,,,,,,,,,,,,,,,,,,,,,,,,,,,,,,,,,,,
BL1-2 Filter,0.457377991,,,,,,,,,,,,,,,,,,,,,,,,,,,,,,,,,,,,
BL2-4 Filter,1.032537154,,,,,,,,,,,,,,,,,,,,,,,,,,,,,,,,,,,,
LCL4 Filter,0.777959921,,,,,,,,,,,,,,,,,,,,,,,,,,,,,,,,,,,,
LCL5 Filter,0.282752739,,,,,,,,,,,,,,,,,,,,,,,,,,,,,,,,,,,,
SLSL Filter,2.486214841,,,,,,,,,,,,,,,,,,,,,,,,,,,,,,,,,,,,
BL2-2 Filter,0.85606149,,,,,,,,,,,,,,,,,,,,,,,,,,,,,,,,,,,,
SLSU Filter,2.931617835,,,,,,,,,,,,,,,,,,,,,,,,,,,,,,,,,,,,
BL2-1 Filter,0.969975535,,,,,,,,,,,,,,,,,,,,,,,,,,,,,,,,,,,,
19BL_bri3,0.134747015,,,,,,,,,,,,,,,,,,,,,,,,,,,,,,,,,,,,
19LCL_bri1,0.05330183,,,,,,,,,,,,,,,,,,,,,,,,,,,,,,,,,,,,
19SL_bri1,0.024919806,,,,,,,,,,,,,,,,,,,,,,,,,,,,,,,,,,,,
19SL_bri2,0.081494197,,,,,,,,,,,,,,,,,,,,,,,,,,,,,,,,,,,,
19SL_bri3,0.068136141,,,,,,,,,,,,,,,,,,,,,,,,,,,,,,,,,,,,
19BL_ice1,0.149078989,,,,,,,,,,,,,,,,,,,,,,,,,,,,,,,,,,,,
19BL_ice2,0.159023205,,,,,,,,,,,,,,,,,,,,,,,,,,,,,,,,,,,,
19BL_ice3,0.138960492,,,,,,,,,,,,,,,,,,,,,,,,,,,,,,,,,,,,
19LCL_ice1,0.101603043,,,,,,,,,,,,,,,,,,,,,,,,,,,,,,,,,,,,
19LCL_ice2,0.080576664,,,,,,,,,,,,,,,,,,,,,,,,,,,,,,,,,,,,
19LCL_ice3,0.064522392,,,,,,,,,,,,,,,,,,,,,,,,,,,,,,,,,,,,
19SL_ice1,0.111788176,,,,,,,,,,,,,,,,,,,,,,,,,,,,,,,,,,,,
19SL_ice2,0.078838989,,,,,,,,,,,,,,,,,,,,,,,,,,,,,,,,,,,,
19SL_ice3,0.083360019,,,,,,,,,,,,,,,,,,,,,,,,,,,,,,,,,,,,
19BL_salt1,,,,,,,,,,,,,,,,,,,,,,,,,,,,,,,,,,,,,
19BL_salt2,0.03363381,,,,,,,,,,,,,,,,,,,,,,,,,,,,,,,,,,,,
19LCL_salt1,,,,,,,,,,,,,,,,,,,,,,,,,,,,,,,,,,,,,
19LCL_salt2,0.303691053,,,,,,,,,,,,,,,,,,,,,,,,,,,,,,,,,,,,
19SL_salt1,0.150078536,,,,,,,,,,,,,,,,,,,,,,,,,,,,,,,,,,,,
19SL_salt2,0.120599572,,,,,,,,,,,,,,,,,,,,,,,,,,,,,,,,,,,,
19SL_salt3,,,,,,,,,,,,,,,,,,,,,,,,,,,,,,,,,,,,,
19BL_sed1,0.283484815,,,,,,,,,,,,,,,,,,,,,,,,,,,,,,,,,,,,
19BL_sed2,0.390344136,,,,,,,,,,,,,,,,,,,,,,,,,,,,,,,,,,,,
19BL_sed3,,,,,,,,,,,,,,,,,,,,,,,,,,,,,,,,,,,,,
19LCL_sed1,0.298847092,,,,,,,,,,,,,,,,,,,,,,,,,,,,,,,,,,,,
19LCL_sed2,0.293618689,,,,,,,,,,,,,,,,,,,,,,,,,,,,,,,,,,,,
19SL_sed1,0.792495432,,,,,,,,,,,,,,,,,,,,,,,,,,,,,,,,,,,,
19SL_sed2,0.302363449,,,,,,,,,,,,,,,,,,,,,,,,,,,,,,,,,,,,
19SL_sed3,0.38129695,,,,,,,,,,,,,,,,,,,,,,,,,,,,,,,,,,,,
BL1-1 3-7,3.52,51681.16,522.78,0,0,294.51,6963.9,0,0,18.75,23.36,0,0,3.7,844.91,0,24.48,0,0,0,0,0,0,0,0,0,0,0,14.07,790932.06,3827.49,26577.74,0,81651.8,2533.19,34086.11,
BL1-1 7-10,2.33,60276.8,647.39,0,0,296.9,7867,0,0,9.18,22.74,0,0,5.58,1330.03,4.06,33.86,0,0,0,0,0,0,0,0,0,0,0,8.56,773706.05,5632.29,29276.74,0,77730.02,2512.22,40640.58,
BL1-1 10-13,2.22,50656.54,548.4,0,0,307.83,8335.78,0,0,11.64,20.07,0,0,4.99,1280.8,2.69,34.44,0,0,18.54,0,0,0,0,0,0,0,0,9.12,796594.02,3715.23,24015.45,0,80062.38,2436.14,31945.91,
BL1-1 13-16,3.78,47286.44,489.93,0,0,258.45,7284.31,0,0,0,23.1,0,0,3.77,1348.79,3.68,32.52,0,0,0,0,0,0,0,0,0,0,16.09,0,786047.69,3333.69,25600.75,0,81258.78,2362.92,44649.09,
BL1-1 16-19,3.03,42766.92,490.25,0,0,245.66,10546.2,0,0,9.13,22.9,0,0,4.01,1008.5,2.65,27.76,0,0,0,0,0,0,0,0,0,0,0,10.34,803364.49,3559.92,24440.5,0,78128.37,2449.68,32922.72,
BL1-1 19-22,3.83,42344.47,816.95,0,0,255.44,8503.58,0,21.02,13.52,25.73,0,0,5.53,1088.91,2.71,32.31,0,9.46,0,0,0,0,0,0,0,0,0,0,788411.1,4372.84,26531.02,0,80702.3,2502.19,44360.91,
BL1-1 22-25,2.36,43358.06,694.43,0,0,180.6,7520.91,0,0,11.75,32.76,0,0,5.07,1162.29,0,32.75,0,0,0,0,0,0,0,0,0,0,13.17,0,781829.66,4472.91,25904.9,0,78857.92,2050.09,53872.74,
BL1-1 25-28,4.09,45109.8,694.14,0,0,223.88,8056.11,0,20.1,14.17,28.34,0,0,5.03,1462.53,3.38,39.35,0,0,0,0,0,0,0,0,0,0,0,0,774059.25,3550.2,25805.7,0,79314.92,1897.05,59716.05,
BL1-1 28-31,3.43,30527.38,795.96,137.94,0,155.98,5608.57,0,0,0,13.35,0,0,0,1194.42,0,29.55,0,0,0,0,0,0,0,0,0,0,0,0,771691.57,2485.93,23208.27,0,85132.72,1057.25,77961.11,
BL1-1 31-34,3.54,31211.51,641.61,0,0,210.41,6516.53,0,0,0,18.79,0,0,2.9,1183.57,0,31.23,0,0,0,0,0,0,0,0,5.25,0,14.52,9.23,781930.11,4104.55,25093.9,0,78506.85,1395.7,69123.35,
BL1-1 34-37,5.18,35343.21,609.81,0,0,205.52,7274.09,0,0,11.7,25.35,0,0,4.78,1660.6,0,37.09,0,0,0,0,0,0,0,0,0,0,0,0,790377.76,4324.4,24926.73,0,76348.47,1840.53,57009.96,
BL1-1 37-40,8.94,32719.4,623.56,0,0,206.02,8448.01,0,12.89,11.67,24.9,0,0,4.55,1449.42,3.35,32.55,0,0,0,0,0,0,0,0,0,0,19.29,13.54,798772.69,4151.81,23579.01,0,76703.15,1767.32,51456.89,
BL1-2 7-10,9.81,30749.44,332.67,0,0,141.85,3761.89,0,0,0,13.92,0,0,0,716.72,3.49,26.66,5.58,7.41,0,0,0,0,0,0,0,0,0,9.5,782269.85,4721.72,30581.62,0,84331.21,1400.17,60926.29,
BL1-2 10-13,2.38,46433.66,658.04,0,0,255.99,7413.38,0,0,12.54,20.29,0,0,5.15,1126,3.65,31.36,0,0,0,0,0,0,0,0,0,0,0,0,764533.55,5002.67,30102.81,0,88430.13,2282.52,53688.27,
BL1-2 13-16,1.18,43871.89,492.5,0,0,180.59,4910.91,0,0,0,14.35,0,0,2.44,1027.27,3.34,27.09,0,0,0,0,0,0,0,0,0,0,0,0,751033.9,4269.65,27612.38,0,97812.38,1854.02,66887.29,
BL1-2 16-19,0.83,50981.25,500.95,0,0,241.28,4704.64,0,0,0,17.07,0,0,0,1360.4,3.34,31.8,0,0,0,0,0,0,0,0,0,0,0,0,750668.29,3957.52,28904.59,0,89693.61,1790.44,67144.81,
BL1-2 19-22,2.33,49977.85,524.05,0,0,274.9,6416.35,0,0,0,15.38,3.51,0,0,1214.38,0,27.67,0,0,0,0,0,0,0,0,0,0,17.41,0,751535.94,4553,30753.42,0,90945.7,2235.36,61505.1,
BL1-2 22-25,4.2,43034.27,686.7,0,0,220.08,6100.13,0,0,0,19.64,0,0,4.03,1112.87,0,27.35,0,0,0,0,0,0,0,0,0,0,13.55,0,754171.03,3987.29,28860.75,0,91897.91,2073.43,67790.97,
BL1-2 25-28,4.2,39771.88,842.79,123.62,0,293.58,12233.5,0,25.71,17.23,27.31,0,0,6.75,1082.89,2.75,39.42,0,0,0,0,0,0,0,0,0,0,0,8.51,783251.17,5701.09,29052.08,0,84391.22,3092.48,40036.04,
BL1-2 28-31,4.18,45746.16,710.44,141.93,0,331.1,8560.47,0,15.72,12.34,24.64,0,0,5.09,1304,0,39.57,0,0,0,0,0,0,0,0,0,0,12.28,0,780633.61,5387.03,29606.35,0,79270.69,2402.09,45796.5,
BL1-2 31-34,3.68,44747.34,723.89,0,0,281.44,7473.33,0,0,0,23.58,0,0,3.2,1469.35,3.54,37.61,0,0,0,0,0,0,0,0,0,0,13.19,11.12,789567.34,4469.23,27536.16,0,78266.36,2139.12,43234.21,
BL1-2 34-37,1.92,27333.55,671.45,0,0,112.7,3786.71,0,0,0,14.44,0,0,0,1050.95,0,21.15,0,0,0,0,0,0,0,0,0,0,19.03,0,743651.34,3918.6,24820.05,0,97288.35,1285.89,96025.77,
BL1-2 37-40,1.64,45607.73,585.22,0,0,241.4,7837.25,0,0,14.49,22.48,0,0,3.78,1011.48,4.35,27.92,0,0,0,0,0,0,0,0,0,0,15.57,0,767674.74,6580.36,31742.22,0,77020.98,1873.78,59736.26,
BL1-2 40-43,2.92,20560.26,717.87,0,0,180.28,5794.05,0,0,0,18.03,0,0,2.98,1071.37,0,29.89,0,0,0,0,0,0,0,0,0,0,20.3,0,739231.29,4883.18,31207.35,0,91365.09,844.89,104073.16,
BL1-2 43-46,3.77,40237.37,957.27,0,0,290.8,9174.43,0,0,11.83,25.87,0,0,7.07,957.31,4.85,31.89,0,0,0,0,0,0,0,0,0,0,0,0,770674.75,7226.7,35030.78,0,75766.82,2362.1,57240.16,
BL1-2 46-49,4.74,41912.08,786.88,180.5,0,248.66,7705.25,0,14.06,11.36,17.85,0,0,3.32,982.22,3.66,29.39,0,0,0,0,0,0,0,0,0,0,12.54,0,746305.59,5450.59,34587.63,0,83556.75,1865.16,76326.49,
BL1-2 49-52,6.34,60056.78,803.87,175.25,0,329.03,9060.79,0,17.17,11.84,22.42,4.04,0,3.4,1084.84,4.94,29.35,0,0,0,0,0,0,0,0,0,0,13.21,0,727320.87,7895.77,41749.1,0,79296.49,2594.68,69526.17,
BL1-2 52-55,7.62,40020.41,672.05,0,0,305.38,9409.35,0,18.39,10.49,32.18,0,0,6.22,1155.54,4.33,38.56,0,0,0,0,0,0,0,0,0,0,0,0,770082.93,8429.88,38162.25,0,71772.03,2218.19,57661.82,
BL1-2 55-58,7.7,42738.95,875.54,0,0,340.51,9959.22,0,17.89,0,32.87,0,0,6.46,1195.76,4.06,40.63,0,0,0,0,0,0,0,0,0,0,0,12.62,785569.04,6321.55,41185.21,0,61654.94,2194.67,47850.08,
BL1-2 58-61,8.82,46898.46,747.23,0,0,335.8,9148.03,0,16.92,0,27.79,0,0,4.33,1391.84,3.03,34.68,0,0,0,0,0,0,0,0,0,0,0,14.94,778519.29,7286.52,38858.68,0,66501.29,2289.19,47921.99,
BL1-2 61-64,2.39,44457.17,746.47,149.95,0,356.29,9195.3,0,15.06,10.27,23.18,0,0,4.54,1406.49,3.65,35.69,0,0,0,0,0,0,0,0,0,0,12.6,12.87,774932.68,6749.5,37616.56,0,71514.59,2204.14,50553,
BL2-23 2-5,7.93,40387.31,366.5,0,0,205.49,5418.43,0,0,0,21.08,0,0,3.84,1543.27,4.37,37.97,0,9.16,0,0,0,0,0,0,0,0,24.65,23.62,843885.42,3402.73,22098.37,0,46675.63,1648.8,34243.33,
BL2-23 5-8,13.91,27260.68,409.89,0,0,234.02,5181.77,0,0,12.77,23.98,3.98,0,3.39,1631.63,6.07,39.47,6.92,9.21,0,0,0,0,0,0,0,0,33.79,35.49,871572.11,2376.42,20682.02,0,46299.46,1614.1,22562.83,
BL2-23 8-11,10.41,31247.7,0,0,0,213.11,4576.17,0,0,0,17.06,0,0,0,1398.1,3.37,29.51,0,0,19.95,0,0,0,0,0,0,0,18.29,29.2,870421.21,3271.83,18855.45,0,49461.26,1900.89,18536.91,
BL2-23 11-14,11.02,45965.04,0,0,0,187.88,4054.86,0,0,0,17.26,0,0,2.7,1558.85,0,29.02,0,0,0,0,0,0,0,0,0,0,16.09,23.93,852273.65,2055.99,19500.42,0,53064.61,2039.71,19209.99,
BL2-23 14-17,11.02,27797.49,0,0,0,137.35,3034.39,0,0,0,14.23,0,0,2.96,1438.97,0,28.09,0,0,0,0,0,0,0,0,0,0,0,19.49,863091.05,1923.39,8414.42,0,80529.77,2294.86,11273.52,
BL2-23 17-20,11.31,29644.36,0,0,0,111.47,2738.2,0,0,0,12.03,0,0,2.48,1317.59,0,27.5,0,0,0,0,0,0,0,0,0,0,0,22.55,857142.66,0,7254.44,0,93116.7,2607.97,6002.05,
BL2-23 20-23,16.19,53577.2,0,0,0,223.09,4489.47,0,0,0,17.99,0,0,2.91,1454.18,0,29.4,0,0,0,0,0,0,0,0,0,0,0,21.18,830433.49,2243.51,14838.68,0,73784.47,2565.78,16318.64,
BL2-23 23-26,10.08,45572.72,0,0,0,127.11,3021.32,0,0,0,11.13,0,0,2.3,1410,0,27.43,0,0,0,0,0,0,0,0,0,0,0,20.84,833307.14,1671.38,10583.61,0,86583.81,2563.37,15097.82,
BL2-23 26-29,7.93,42974.94,0,0,0,63.94,1646.3,0,0,0,8.64,0,0,2.63,1227.06,0,26.84,0,0,0,23.31,0,0,0,0,0,0,0,22.42,840919.95,0,5749.88,0,102603.37,2782.27,1948.45,
BL2-23 29-32,9.09,44301.2,0,0,0,0,1247.91,0,0,0,8.6,0,0,2.94,1123.06,0,27.39,0,0,0,0,0,0,0,0,0,0,0,10.39,825212.05,0,7043.29,0,116446.55,3619.39,957.23,
BL2-23 32-35,6.27,47392.49,0,0,0,0,444.95,0,0,0,0,0,0,2.82,840.15,0,24.98,0,0,16.18,0,0,0,0,0,0,0,18.69,12.88,832030.85,1856.56,7642.81,0,105801.04,3183.88,731.71,
BL2-23 35-38,6.75,50449.48,0,0,0,0,1304.53,0,0,0,7.13,0,0,2.73,955.64,0,27.45,0,0,18.27,0,0,0,0,0,0,0,0,11.74,821087.83,0,9586.88,0,108399.84,3421.31,4727.17,
BL2-23 38-41,3.26,42263,0,0,0,50.32,2264.24,0,0,0,11.69,0,0,2.57,1145.11,0,29.47,0,0,0,0,0,0,0,0,0,0,13.35,13.42,819866.64,1798.77,10929.63,0,106184.98,3622.54,11804.27,
BL2-23 41-45,5.82,44671.09,0,0,0,124.6,2441.53,0,0,0,10.01,0,0,0,1321.75,0,28.6,0,0,0,0,0,0,0,0,0,0,13.93,0,806445.08,1693.42,12024.63,0,101879.71,3642.5,25703.14,
BL2-2W 2-5,4.93,32464.78,400.72,0,0,175.26,4773.67,0,0,14.11,18.61,0,0,0,1758.27,5.18,42.3,0,10.48,0,0,0,0,0,0,0,0,29.9,33.52,850996.26,0,29111.94,0,44402.43,1399.69,34362.88,
BL2-2W 5-8,2.6,30446.84,0,0,0,182.75,3804.17,0,0,0,18.51,0,0,0,1804.39,0,36.33,0,5.72,0,0,0,0,0,0,0,0,30.85,17.41,813814.58,2856.33,28839.52,0,61382.14,1368.58,55391.87,
BL2-2W 8-11,3.01,47565.71,403.75,0,0,201.22,3739.05,0,0,0,17.88,0,0,0,1667.9,0,29.73,0,0,0,0,0,0,0,0,0,0,22.78,0,792212.03,3253.17,27084.82,0,65382.66,1614.76,56804.54,
BL2-2W 11-14,4.25,35876.39,0,0,0,183.92,4481.31,0,0,10.56,18.16,0,0,0,1420.9,2.59,29.82,0,0,0,0,0,0,0,0,0,0,0,24.26,843154.91,3676.88,24813.58,0,51523.43,1755.89,33027.4,
BL2-2W 14-17,1.52,60673.57,374.22,0,0,183.78,3208,0,0,0,14.85,0,0,0,1710.18,0,28.29,0,0,0,0,0,0,0,0,0,0,16.71,0,761132.81,3443.46,27204.3,0,70062.92,1387.03,70559.89,
BL2-2W 17-20,1.45,52670.84,398.12,0,0,181.28,3272.34,0,0,0,15.9,0,0,0,1505.83,0,26.69,0,0,0,0,0,0,0,0,0,0,14.62,0,767577.57,3598.35,26208,0,73487.08,1503.52,69539.88,
BL2-2W 20-23,3.43,45222.11,0,0,0,179.83,3958.29,0,0,0,11.79,0,0,0,1642.14,2.82,29.31,0,0,0,0,0,0,0,0,0,0,21.71,12.39,780041.63,2617.06,25600.31,0,75579.7,1685.94,63394.98,
BL2-2W 23-26,1.34,59680.47,441.39,0,0,151.27,3083.01,0,0,0,16.17,0,0,0,1490.74,0,26.39,0,0,0,0,0,0,0,0,0,0,20.96,0,751720.52,3901.01,28590.33,0,76244.23,1558.28,73075.24,
BL2-2W 26-29,2.61,57559.26,543.13,0,0,213.17,5339.17,0,0,0,18.2,0,0,4.74,1488.86,3.83,32.88,0,0,0,0,0,0,0,0,0,0,16.22,0,766324.59,5733.41,32214.82,0,67991.38,2258.69,60257.66,
BL2-2W 29-32,1.83,42452.78,469.72,0,0,265.63,5942.7,0,0,0,27.82,0,0,5.13,1467.89,0,33.5,0,0,0,0,0,0,0,0,0,0,13.7,0,785777.01,4789.26,33052.03,0,65349.1,2310.41,58043.32,
BL2-2W 32-35,1.18,56157.27,470.94,0,0,244.43,4129.23,0,0,0,23.44,3.31,0,2.76,1361.35,0,27.63,0,0,0,0,0,0,0,0,0,0,0,0,779974.63,4135.5,27112.08,0,66971,1541.99,57844.47,
BL2-2W 35-38,0.72,55380.19,396.12,0,0,179.48,2740.81,0,0,12.04,10.6,0,0,0,1539.65,3.07,25.71,0,0,0,0,0,0,0,0,0,0,16.92,11.88,747020.71,2499.4,24165.8,0,80387.57,636.12,84973.91,
BL2-2W 38-41,0.75,55346.32,362.61,0,0,173.45,2522.33,0,0,0,10.09,0,0,0,1464.28,0,27.21,0,0,0,0,0,0,0,0,0,0,15.98,0,752026.86,2856.05,22450.49,0,78092.44,873.67,83778.24,
BL2-2W 41-44,0.58,59138.46,446.16,0,0,218.29,4114.21,0,0,0,18.84,0,0,3.49,1286.84,0,28.03,0,0,0,0,0,0,0,0,0,0,20.11,0,743385.17,4081.26,28173.15,0,76517.15,1421.84,81146.98,
BL2-2W 44-47,1.43,62841.25,354.69,0,0,328.33,3082.86,0,0,0,10.65,0,0,0,1414.77,0,24.71,0,0,0,0,0,0,0,0,0,0,0,0,781784.86,2100.54,23663.49,0,61753.14,919.69,61721.03,
BL2-2W 47-51,1.72,73038.88,1207.31,198.42,0,382.88,10266.31,0,0,0,34.36,3.81,1.94,9.76,461.06,22.29,60.08,0,9.48,0,0,0,0,0,0,0,0,0,7.99,771085.97,10815.12,48832.64,0,49212.15,4607.95,29741.6,
LCL4A 6-9,2.19,16507.85,2748.311667,53.93333333,28.16833333,454.1066667,29951.22833,0,39.855,13.265,49.34,0,0,20.97833333,269.8633333,8.765,53.62,7.781666667,0,0,0,0,0,0,0,0,0,0,0,839152.2733,11351.21333,56342.855,0,9469.796667,5312.036667,28164.75667,
LCL4A 9-12,2.48,26234.12333,2846.66,111.8783333,35.49666667,488.4,32730.595,0,43.82666667,15.80166667,53.63833333,0,0,18.47,260.9833333,7.97,57.095,7.948333333,0,0,0,0,0,0,0,0,1.405,0,0,816585.2917,12931.91333,63324.855,47.19333333,8871.466667,5806.33,29518.65833,
LCL4A 12-16,1.85,18503.36833,2550.96,88.965,39.23666667,482.4033333,32310.225,0,43.02,20.26166667,53.88166667,0,0,18.03,243.2333333,7.455,48.84833333,3.82,0,0,0,0,0,0,0,0,0,0,0,837065.8833,10834.28833,55850.08833,0,9407.561667,5422.143333,27006.33833,
LCL4A 15-18,2.59,18131.26,2140.238333,69.995,0,486.39,30515.42667,0,42.33166667,19.10833333,55.32166667,0,0,17.435,207.71,5.12,45.61166667,3.916666667,0,0,0,0,0,0,0,0,0,0,0,851265.6167,9555.046667,48649.16,0,9454.435,5117.416667,24218.46,
LCL4A 18-21,1.98,12443.635,2338.993333,91.035,10.42666667,472.3683333,31019.58,0,43.41333333,19.32,52.49833333,0,0,19.53,251.63,7.568333333,51.18,5.75,0,0,0,0,0,0,0,0,0,0,0,851140.74,9483.415,49499.21167,0,12427.47,5197.885,25424.35167,
LCL4A 21-24,1.7,16671.09333,2673.331667,119.6833333,32.27166667,486.2983333,31582.905,0,43.395,16.98,52.55,0,0,20.21833333,275.095,7.773333333,53.34333333,6.1,0,0,0,0,0,0,0,0.756666667,0,0,0,839767.895,10503.87833,53097.23833,0,10867.47167,5369.783333,28351.93833,
LCL4A 24-27,1.56,20840.95167,2426.38,24.35833333,9.295,505.315,32496.90833,0,45.08333333,23.51,55.28833333,0,0,17.62666667,227.4133333,6.955,48.44833333,7.61,0,0,0,0,0,0,0,0,0,0,0,829831.0617,11776.39667,58586.08167,0,9640.656667,5397.411667,28033.24333,
LCL4A 27-30,2.11,17881.59167,2506.171667,145.8816667,0,514.0366667,33117.27,0,44.34333333,22.76166667,54.96666667,0,0,18.01166667,218.255,6.796666667,47.54833333,8.698333333,0,0,0,0,0,0,0,0,0,2.023333333,0,830523.8283,11343.86667,60522.21667,0,8725.271667,5554.266667,28742.18167,
LCL4A 30-33,2.67,10520.40333,2766.648333,619.365,0,495.78,31410.41833,0,46.71666667,22.355,54.14,0,0,17.94166667,205.0233333,7.548333333,47.41166667,9.301666667,0,0,0,0,0,0,0,0,0,2.2,0,857835.1333,9031.546667,48173.625,0,9800.5,4902.348333,24031.59,
LCL4A 33-36,1.83,2193.735,1414.468333,39.045,0,319.4216667,22025.41667,0,29.515,16.29166667,143.4716667,0.815,0,13.22,150.4,10.18166667,38.61833333,15.61333333,8.805,16.98166667,12.09,0,0,0,0,0,0,25.88,6.378333333,887195.43,8015.016667,45920.92833,0,13491.23833,3013.3,15883.74167,
LCL4B 7-10,0.88,10548.35833,3643.791667,174.2816667,42.395,462.0466667,32238.97333,0,39.52833333,17.87833333,46.605,0,0,23.195,353.9533333,11.44166667,69.53,12.64333333,0,0,0,0,0,0,0,0.91,0,5.393333333,0,842184.2517,11025.83667,56399.17833,0,9375.681667,5274.001667,28050.12,
LCL4B 10-13,1.22,17097.09167,2826.736667,87.74,26.58833333,457.6166667,31264.04167,0,39.18166667,20.97666667,47.21666667,0,0,20.02166667,273.035,8.58,54.18666667,9.386666667,0,0,0,0,0,0,0,0,0,0,0,842189.3367,10799.71833,54880.08,0,8998.096667,5182.353333,25718.02,
LCL4B 13-16,1.15,16800.59,3093.213333,141.245,35.67333333,472.955,31586.11667,0,37.81833333,19.9,49.855,0,0,24.05333333,350.9783333,10.185,62.995,9.735,0,0,0,0,0,0,0,0,0,0,0,834581.6967,11457.695,56765.81667,0,9966.303333,5481.731667,29051.44333,
LCL4B 16-19,2.18,18671.32833,3062.073333,195.6033333,19.25166667,492.7266667,32482.12667,0,43.845,21.47833333,52.58,0,0,23.695,322.8166667,9.296666667,60.65833333,9.311666667,0,0,0,0,0,0,0,1.785,0,0,0,829607.84,11690.86667,57717.55,0,9522.941667,5556.278333,30435.94167,
LCL4B 19-22,1.76,18452.30833,2621.79,116.795,10.09666667,496.1066667,32469.45167,0,42.635,21.36833333,52.71166667,0,0,18.69833333,261.8033333,7.46,52.04333333,6.79,0,0,0,0,0,0,0,0,0,0,0,831012.0283,12016.775,59324.465,0,8506.551667,5514.251667,28995.875,
LCL4B 22-25,2.24,18632.48167,2442.453333,49.73333333,7.575,505.8616667,33249.78667,0,45.82833333,21.71166667,53.95333333,0,0,18.82666667,222.7183333,6.818333333,46.82833333,8.163333333,0,0,0,0,0,0,0,0,0,0,0,826497.8583,12783.48667,63522.65167,0,7614.495,5682.05,28586.72167,
LCL4B 25-28,1.78,12659.12833,19048.80167,22.32,9.513333333,387.42,26901.20333,0,40.79333333,54.94166667,52.51666667,0,0,15.96833333,203.5183333,8.306666667,44.74833333,13.28333333,5.613333333,9.316666667,0,0,0,0,0,2.498333333,0,12.41666667,4.531666667,838186.3483,11196.60333,56222.33667,0,9909.061667,4027.998333,20960.81833,
LCL5B 3-6,4.66,,,,,,,,,,,,,,,,,,,,,,,,,,,,,,,,,,,,
LCL5B 6-9,,,,,,,,,,,,,,,,,,,,,,,,,,,,,,,,,,,,,
LCL5B 9-12,1.56,,,,,,,,,,,,,,,,,,,,,,,,,,,,,,,,,,,,
LCL5B 12-15,0.82,,,,,,,,,,,,,,,,,,,,,,,,,,,,,,,,,,,,
LCL5B 15-18,1.45,,,,,,,,,,,,,,,,,,,,,,,,,,,,,,,,,,,,
LCL5B 19-21,1.54,,,,,,,,,,,,,,,,,,,,,,,,,,,,,,,,,,,,
LCL5B 21-24,1.74,,,,,,,,,,,,,,,,,,,,,,,,,,,,,,,,,,,,
LCL5B 24-27,1.48,,,,,,,,,,,,,,,,,,,,,,,,,,,,,,,,,,,,
LCL5B 27-30,1.26,,,,,,,,,,,,,,,,,,,,,,,,,,,,,,,,,,,,
LCL5B 30-33,1.84,,,,,,,,,,,,,,,,,,,,,,,,,,,,,,,,,,,,
LCL5B 33-36,1.77,,,,,,,,,,,,,,,,,,,,,,,,,,,,,,,,,,,,
